{
  "config": {
    "db": "medrag",
    "table": "chunks",
    "k": 10,
    "embed_model": "BAAI/bge-small-en-v1.5",
    "probes_tested": [
      1,
      2,
      4,
      8,
      16,
      32
    ],
    "n_queries": 10
  },
  "baseline_seqscan": {
    "latency": {
      "n": 10,
      "mean_ms": 9.876245819032192,
      "median_ms": 9.013187373057008,
      "p95_ms": 15.015587629750364
    }
  },
  "ivfflat": {
    "1": {
      "latency": {
        "n": 10,
        "mean_ms": 7.854941766709089,
        "median_ms": 7.872916525229812,
        "p95_ms": 8.084028773009777
      },
      "recall_at_k_mean": 1.0,
      "recall_at_k_median": 1.0,
      "recall_at_k_p5": 1.0,
      "recall_at_k_p95": 1.0
    },
    "2": {
      "latency": {
        "n": 10,
        "mean_ms": 7.950616581365466,
        "median_ms": 7.9344999976456165,
        "p95_ms": 8.073810115456581
      },
      "recall_at_k_mean": 1.0,
      "recall_at_k_median": 1.0,
      "recall_at_k_p5": 1.0,
      "recall_at_k_p95": 1.0
    },
    "4": {
      "latency": {
        "n": 10,
        "mean_ms": 8.468400267884135,
        "median_ms": 8.31577111966908,
        "p95_ms": 9.22381253913045
      },
      "recall_at_k_mean": 1.0,
      "recall_at_k_median": 1.0,
      "recall_at_k_p5": 1.0,
      "recall_at_k_p95": 1.0
    },
    "8": {
      "latency": {
        "n": 10,
        "mean_ms": 8.09825025498867,
        "median_ms": 8.078020997345448,
        "p95_ms": 8.308145892806351
      },
      "recall_at_k_mean": 1.0,
      "recall_at_k_median": 1.0,
      "recall_at_k_p5": 1.0,
      "recall_at_k_p95": 1.0
    },
    "16": {
      "latency": {
        "n": 10,
        "mean_ms": 8.027483383193612,
        "median_ms": 8.009749930351973,
        "p95_ms": 8.159170439466834
      },
      "recall_at_k_mean": 1.0,
      "recall_at_k_median": 1.0,
      "recall_at_k_p5": 1.0,
      "recall_at_k_p95": 1.0
    },
    "32": {
      "latency": {
        "n": 10,
        "mean_ms": 8.068120758980513,
        "median_ms": 8.052542340010405,
        "p95_ms": 8.292606240138412
      },
      "recall_at_k_mean": 1.0,
      "recall_at_k_median": 1.0,
      "recall_at_k_p5": 1.0,
      "recall_at_k_p95": 1.0
    }
  }
}

Tip: capture this JSON and plot a probes vs. latency/recall chart in your README.
