{
  "config": {
    "db": "medrag",
    "table": "chunks",
    "k": 10,
    "embed_model": "BAAI/bge-small-en-v1.5",
    "probes_tested": [
      1,
      2,
      4,
      8,
      16,
      32
    ],
    "n_queries": 10
  },
  "baseline_seqscan": {
    "latency": {
      "n": 10,
      "mean_ms": 9.997325018048286,
      "median_ms": 10.13993751257658,
      "p95_ms": 11.638641916215418
    }
  },
  "ivfflat": {
    "1": {
      "latency": {
        "n": 10,
        "mean_ms": 7.828983385115862,
        "median_ms": 7.796687539666891,
        "p95_ms": 8.035531477071345
      },
      "recall_at_k_mean": 1.0,
      "recall_at_k_median": 1.0,
      "recall_at_k_p5": 1.0,
      "recall_at_k_p95": 1.0
    },
    "2": {
      "latency": {
        "n": 10,
        "mean_ms": 8.40098331682384,
        "median_ms": 8.339478867128491,
        "p95_ms": 8.870370918884873
      },
      "recall_at_k_mean": 1.0,
      "recall_at_k_median": 1.0,
      "recall_at_k_p5": 1.0,
      "recall_at_k_p95": 1.0
    },
    "4": {
      "latency": {
        "n": 10,
        "mean_ms": 8.404962625354528,
        "median_ms": 8.153062546625733,
        "p95_ms": 9.578720852732657
      },
      "recall_at_k_mean": 1.0,
      "recall_at_k_median": 1.0,
      "recall_at_k_p5": 1.0,
      "recall_at_k_p95": 1.0
    },
    "8": {
      "latency": {
        "n": 10,
        "mean_ms": 8.060674974694848,
        "median_ms": 8.056708611547947,
        "p95_ms": 8.207560377195477
      },
      "recall_at_k_mean": 1.0,
      "recall_at_k_median": 1.0,
      "recall_at_k_p5": 1.0,
      "recall_at_k_p95": 1.0
    },
    "16": {
      "latency": {
        "n": 10,
        "mean_ms": 8.10945425182581,
        "median_ms": 8.095020661130548,
        "p95_ms": 8.200437878258526
      },
      "recall_at_k_mean": 1.0,
      "recall_at_k_median": 1.0,
      "recall_at_k_p5": 1.0,
      "recall_at_k_p95": 1.0
    },
    "32": {
      "latency": {
        "n": 10,
        "mean_ms": 7.972629042342305,
        "median_ms": 7.974020671099424,
        "p95_ms": 8.046945440582931
      },
      "recall_at_k_mean": 1.0,
      "recall_at_k_median": 1.0,
      "recall_at_k_p5": 1.0,
      "recall_at_k_p95": 1.0
    }
  }
}

Tip: capture this JSON and plot a probes vs. latency/recall chart in your README.
